https://t.bilibili.com/1049696449649967107,神奇菌汤锅,从温馨家园到人间炼狱，精神分裂症是如何彻底瓦解一个家庭的？【精神病系列02-上】
https://t.bilibili.com/1049610558886641699,医学科普联盟,胡思乱想，精神内耗，越努力却越焦虑？如何科学应对焦虑症？【精神病系列02】
https://t.bilibili.com/1049614596121296898,萧炎不鸽,对抗路竟然不切C？Fly这亚连也太细了！
https://t.bilibili.com/1050354949716705282,红警HBK08,红警08！蛮王大战小猴子，看我旋风斩！
https://t.bilibili.com/1049985707101126660,红警HBK08,红警捡了个三星牛爷爷！对手吓得造一排碉堡来防守！
https://t.bilibili.com/1049923756455100450,红警HBK08,红警湖泊之战！双航母霸占湖泊，对手不冲都不行！
https://t.bilibili.com/1049654857179332629,红警HBK08,红警3苏5盟！第一道防线如街亭，一旦失守全面溃败！
https://t.bilibili.com/1049614557474979861,红警HBK08,红警房主叫嚣一个能打都没有？好嚣张呀，原来搞盘外招的！
https://t.bilibili.com/1049552675568353296,红警HBK08,红警房主要帮我戒了游戏？那我就给你吃闪电风暴了！
https://t.bilibili.com/1049711065403752455,顽强的Z,拳打腾讯 脚踢3A！《绝地求生》这几年有多疯狂？
https://t.bilibili.com/1049350794965418040,游戏X博士,网易这两年狂吹的财富密码，不管用了？【X博士奇谈】
https://t.bilibili.com/1049697836921258007,森树Tree,我用Mac做游戏
https://t.bilibili.com/1049696449649967107,神奇菌汤锅,从温馨家园到人间炼狱，精神分裂症是如何彻底瓦解一个家庭的？【精神病系列02-上】
https://t.bilibili.com/1049610558886641699,医学科普联盟,胡思乱想，精神内耗，越努力却越焦虑？如何科学应对焦虑症？【精神病系列02】
https://t.bilibili.com/1049614596121296898,萧炎不鸽,对抗路竟然不切C？Fly这亚连也太细了！
https://t.bilibili.com/1050354949716705282,红警HBK08,红警08！蛮王大战小猴子，看我旋风斩！
https://t.bilibili.com/1049985707101126660,红警HBK08,红警捡了个三星牛爷爷！对手吓得造一排碉堡来防守！
https://t.bilibili.com/1049923756455100450,红警HBK08,红警湖泊之战！双航母霸占湖泊，对手不冲都不行！
https://t.bilibili.com/1049654857179332629,红警HBK08,红警3苏5盟！第一道防线如街亭，一旦失守全面溃败！
https://t.bilibili.com/1049614557474979861,红警HBK08,红警房主叫嚣一个能打都没有？好嚣张呀，原来搞盘外招的！
https://t.bilibili.com/1049552675568353296,红警HBK08,红警房主要帮我戒了游戏？那我就给你吃闪电风暴了！
https://t.bilibili.com/1049711065403752455,顽强的Z,拳打腾讯 脚踢3A！《绝地求生》这几年有多疯狂？
https://t.bilibili.com/1049350794965418040,游戏X博士,网易这两年狂吹的财富密码，不管用了？【X博士奇谈】
https://t.bilibili.com/1049697836921258007,森树Tree,我用Mac做游戏
https://t.bilibili.com/1050062879075598342,答案4nswer,崩铁制作组又整大活儿！倒贴玩家240万本纪念册，米哈游在下一盘什么棋？
https://t.bilibili.com/1049320712995602438,答案4nswer,原火粥鼠超级大事变？陀螺库洛又欠抽了！盘点近期游戏圈搞笑与乐子事件【抽象手游20】
https://t.bilibili.com/1049672535275208706,亚食人,星铁彻底疯狂！周年庆送240w纪念册？！
https://t.bilibili.com/1050437361520869376,正义凛然的葫芦娃,中超搞笑名场面！拙劣的国门，震撼Tifo，红牌魔咒，小将爆发！
https://t.bilibili.com/1050058399376474121,正义凛然的葫芦娃,疯狂的足球！逆转，进球，红牌，球迷，8场5张红牌！
https://t.bilibili.com/1049796174496661510,正义凛然的葫芦娃,史诗级大逆转！山东泰山让三追四，看的是目瞪口呆！
https://t.bilibili.com/1049646774025715713,足球最TOP,足球TOP：德转春季更新！英超迎来暴涨！
https://t.bilibili.com/1049342522823802886,足球最TOP,足球TOP：2015赛季尤文图斯今何在？曾和皇萨掰手腕的意甲老妇人！
https://t.bilibili.com/1050446402433318934,足球记忆,从50人到4000人！他用20年坚守，打造中国足球最硬核曲线看台！
https://t.bilibili.com/1050079272918581255,足球记忆,他是卡尔德隆的圣婴，也是西蒙尼无奈的选择
https://t.bilibili.com/1049357233094131715,足球记忆,他是球场上的恶汉，也是为了胜利，愿意牺牲自己的普通人
https://t.bilibili.com/1049336325224792113,内德羽则说,男人夺权，胜过甄嬛？欧冠亚军的光速坠落，源自一场宫斗大戏
https://t.bilibili.com/1050466696191541267,摇滚足球本摇,英超中场薪资收入排行！
https://t.bilibili.com/1050452716072992784,摇滚足球本摇,英超中卫薪资收入排行！
https://t.bilibili.com/1050451960125194248,摇滚足球本摇,英超门将薪资收入排行！
https://t.bilibili.com/1049388105324298240,隔壁红魔,国足还能进2026世界杯吗？算分环节又来了！下一场真“生死战”！
https://t.bilibili.com/1050263389631152133,巅峰球迷汇,拉胯东尼！安东尼被针对仍屡造杀机，被动现“圆形”，尝试彩虹过人，贝蒂斯2比1力克塞维利亚！
https://t.bilibili.com/1050093042604703749,巅峰球迷汇,神之贝林！当爹又当妈，贝林厄姆才是球队取胜的关键因素，今天的比赛其实是他的个人秀！
https://t.bilibili.com/1049967328903561234,巅峰球迷汇,王之复出！梅西复出一分钟惊艳破门星耀全场，苏亚雷斯抽象发挥，迈阿密2比1立克费城登顶东区榜首！
https://t.bilibili.com/1049914049847885833,巅峰球迷汇,天龟下凡！姆巴佩勺子点球+史诗级任意球，维尼修斯替补，贝林厄姆破门，皇马3比2逆转莱加内斯！
https://t.bilibili.com/1049348501423521801,巅峰球迷汇,东尼的武器！带上安东尼巴西队就能赢阿根廷吗？为什么安东尼会突然流量爆涨？
https://t.bilibili.com/1050470166528262176,树海的足球世界,谁偷走了他的青春？一个天才少年的年龄罗生门
https://t.bilibili.com/1049808668525068292,SpaceLens,十五秒 入云！长征七号甲遥十一火箭发射纪实片【SpaceLens云上天镜】
https://t.bilibili.com/1049751025779474466,ATMHUFK,【全网独家】解密！伊朗航天！
https://t.bilibili.com/1050488033585922112,天仪SPACETY,殒命太空的联盟11号乘组
https://t.bilibili.com/1050127518314528824,ASPT-航天科普小组,光谱号运载火箭发射失败
https://t.bilibili.com/1049614531740827703,李壹鏖,【世界航天周报】第84期：我国未来深空探测任务
https://t.bilibili.com/1050731626920673284,新世纪的旅行者,【前进2号】一个视频看懂华人首次太空飞跃极地暨首次与space x合作的航天任务
https://t.bilibili.com/1050697125448384531,章章超快,“我准备好了，我准备好了！”（海绵宝宝音）
https://t.bilibili.com/1050079934354030596,章章超快,绝唱的末代皇后 silvia S15
https://t.bilibili.com/1049591253001306146,大狸子切切里,买了人生中最贵的相机，我后悔了吗
https://t.bilibili.com/1049738239675465760,小西设计所,三个女生体验小米SU7 Ultra，直接爽飞了？
https://t.bilibili.com/1050558170407108614,霂黎葶子,不听话就给你一耳巴…
https://t.bilibili.com/1049778483491766297,金可鱼,一个上海00后的疯狂周末
https://t.bilibili.com/1049715373223444487,变个魔术喵喵喵,以“祥子”的视角打开《骆驼祥子》——祥子到死都以为自己是因为不够努力
https://t.bilibili.com/1050699393221525505,蒙古丽人官方,蒙古丽人 yaya上新品了
https://t.bilibili.com/1050524841437822982,蒙古丽人官方,蒙古丽人 女模特们全体出动
https://t.bilibili.com/1050185015032283144,蒙古丽人官方,蒙古丽人主播塔娜 介绍给大家
https://t.bilibili.com/1049668244553596951,蒙古丽人官方,蒙古丽人 喜欢的工作 幸福的生活 完美的人生
https://t.bilibili.com/1049970064804020256,沛沛早点睡,我明明那么好被你亲手丢掉
https://t.bilibili.com/1049605808662249491,沛沛早点睡,爷青回了
https://t.bilibili.com/1050458063261138985,约翰提托-,隐世生存指南！均价百元级好物！！让你安心窝在五线小城市
https://t.bilibili.com/1050110248244740132,约翰提托-,我的包里有什么 x 出行必备！！！每个人都推荐入手的防晒MVP-骆驼户外防晒喷雾超硬核使用分享
https://t.bilibili.com/1049343888671637520,约翰提托-,三分钟！学会8种末日生存技能！！收藏夹必备 | 亲测实践好用！！！
https://t.bilibili.com/1049297803672551462,Sum方糖,能上4K240显示器？RTX5080超级雕使用体验+购买建议
https://t.bilibili.com/1050439053790412837,maono闪克,【闪克 WAVE T5】帮你一键给声音开“美颜”，让无线麦也走上“滤镜时代”！
https://t.bilibili.com/1049691832534958137,maono闪克,【世界赠与我的】世界赠予我虫鸣 也赠予我雷霆。| 原唱：王菲 | Cover：Kattie
https://t.bilibili.com/1049699503357034502,陈抱一,【开箱】石头G30Space！自带机械手的扫地机？
https://t.bilibili.com/1049579660902400006,夏秋寒的Vlog,当地震来临时我突然想：坏了，钱还没花完！
https://t.bilibili.com/1050785782196863009,chilly香菜,不看血亏！1分钟2款高智感盘发！
https://t.bilibili.com/1049710335259312132,山中冷月微,当初读博只是想赎身的！
https://t.bilibili.com/1050119134564581417,小姜不辣哈,骗骗新粉
https://t.bilibili.com/1049361854473699363,晓宇哥-长高运动,兄弟们，很抱歉。最近忙没有时间练。现在回来了！
https://t.bilibili.com/1050447471871787014,陈忠祥,原味瑶瑶
https://t.bilibili.com/1050438117455036422,陈忠祥,水平差的摄影师如何开辟新的赛道
https://t.bilibili.com/1050364454483525666,陈忠祥,在化妆的BB酱
https://t.bilibili.com/1050362495978438679,陈忠祥,你们喜欢这种类型的妹子吗？我可以多拍点
https://t.bilibili.com/1050356710641762327,陈忠祥,克罗拉和土豆丝
https://t.bilibili.com/1050351178752196609,陈忠祥,小面包
https://t.bilibili.com/1050222982565199879,陈忠祥,车模土豆丝
https://t.bilibili.com/1050124065142996995,陈忠祥,小梨花和陈忠祥一起跳舞
https://t.bilibili.com/1050103183020392501,陈忠祥,选择困难症？
https://t.bilibili.com/1050096478612094992,陈忠祥,BB酱
https://t.bilibili.com/1049339817016426564,陈忠祥,苏州GT SHOW开始啦！快过来一起拍妹子吧
https://t.bilibili.com/1050474886648037380,马卡耶夫Makayev,波音737为什么没有救命的“小老鼠”，冲压空气涡轮
https://t.bilibili.com/1050464840777203729,地球知识局,中国现在，非常缺蛙！【地球知识局】
https://t.bilibili.com/1049367077173854216,林亦LYi,iPhone充电为什么慢？
https://t.bilibili.com/1049321941340520456,芳斯塔芙,【鬼谷闲谈】辣椒：一种“不存在”的痛快滋味
https://t.bilibili.com/1050449443289038884,三个老爸实验室2号机,剑齿虎不上班，我凭啥上班？雨声一响，封印床上！
https://t.bilibili.com/1050759303725580291,差评君,ChatGPT通过了哪一种图灵测试？ | 张亚勤
https://t.bilibili.com/1049336350964187136,差评君,为什么在电视上永远无法还原电影导演拍出来的样子？【差评君】
https://t.bilibili.com/1050805105254727703,有山先生,在赤壁狂吟《念奴娇·赤壁怀古》，苏轼坑死我了！！
https://t.bilibili.com/1049383840435404822,李梓硕在印度,【印度留学】代替中国？神话破灭，市场上全是贴牌中国产品...
https://t.bilibili.com/1049739029950496774,破壁狗,特朗普带来的全球化是什么样？ 一个有很多迪拜和更多加沙的世界
https://t.bilibili.com/1049300286125899783,棱镜Talk,李嘉诚卖港口为什么不是一家企业的“私事”
https://t.bilibili.com/1049317341422157832,棱镜史话,选票政治的尽头为什么是特朗普？精英主义操纵社会失败的经典案例
https://t.bilibili.com/1050490305629913124,小黛晨读,【参考信息第436期】再现“地王潮”；整治“零添加”
https://t.bilibili.com/1049742921149972481,小黛晨读,【参考信息第435期】长沙中考优待谁；欢迎国际资本回归
https://t.bilibili.com/1049954688830537750,思维实验室,解放战争是有外援的 而且还是朝鲜 史称抗蒋援共！【思维实验室】
https://t.bilibili.com/1049742384300032067,嘴碎洛Prattlement,2025年的香飘飘，开始搞起偶像男团了
https://t.bilibili.com/1049320790291382277,使徒子,大阪世博会建筑怎么样？【使徒子】
https://t.bilibili.com/1050069128253014020,戏京同志,回旋镖从不落空，三星陨落的背后是韩国尴尬处境的开始！
https://t.bilibili.com/1049366415739453440,戏京同志,进入白宫机密群，以为是杀猪盘，没想到亲眼目睹战争泄密！
https://t.bilibili.com/1050434020047847459,毒舌的南瓜,那个让“台毒”咬牙切齿的“喷子”……【毒舌的南瓜】
https://t.bilibili.com/1049305229614383209,毒舌的南瓜,公布肯尼迪遇刺档案，不过是特朗普的又一次造神运动【毒舌的南瓜】
https://t.bilibili.com/1050109221724487718,东京老萧,日本地产实录(上)——背刺政府！坑爹财阀！带头炒楼！
https://t.bilibili.com/1049356623243378691,章北海official,媒体造势房地产小阳春，还会有人上当吗？
https://t.bilibili.com/1049698240639795225,前进四放映室,万字全解！带你看懂《三傻大闹宝莱坞》为什么好看？
https://t.bilibili.com/1050093832898609161,河畔的伯爵,【伯爵】“回”从何来：维吾尔族和裕固族，是怎样成为“回鹘”后裔的？
https://t.bilibili.com/1050434002912018454,肝帝董佳宁,中情局又上大分，曾经请千里眼大神远程寻找圣经里的柜子……
https://t.bilibili.com/1049568081625481303,小王Albert,总统装疯卖傻，老白女快乐屋，世界边缘小国绝望样本【西非12丨冈比亚】
https://t.bilibili.com/1049796552401354772,城事堂,在摆烂和暴雷之间，选择主动退市——里面有什么套利空间？
https://t.bilibili.com/1050494639231991824,落叶在放假,现代金融的目的之一，就是阻止普通人完成原始积累
https://t.bilibili.com/1050145436888727571,落叶在放假,金融行业再降薪，年薪百万泡沫破碎
https://t.bilibili.com/1049380632117903414,落叶在放假,国内能一次性拿出50万的家庭到底有多少？央妈排查结果出来了
https://t.bilibili.com/1049719127050027062,信息Gap,2025年3月29日信息差
https://t.bilibili.com/1049362142250139650,信息Gap,一地2025年将不招聘英语教师，人口变动引发师资调整
https://t.bilibili.com/1049336243617267746,柏年说,李嘉诚出售港口，巴菲特手持现金，为什么有钱人都在清仓？
https://t.bilibili.com/1049342518547709961,空山猎人,微软反水，亚马逊亮刀，英伟达万亿泡沫破灭？
https://t.bilibili.com/1050101447882964997,让雪球飞,炼气期是否存在？人体炼气原理是什么？
https://t.bilibili.com/1049380838221807619,丰言疯话,解读订婚强奸案：男人失去“性话语权”，才是当代婚姻被击碎的真相【丰言疯话】
https://t.bilibili.com/1049359307549704196,土斯土耶夫斯基,老司机日记277：世界格局的战国时代3，合纵连横
https://t.bilibili.com/1049328422477627433,小Lin说,美国刹不住的贸易逆差，根本原因是什么?
https://t.bilibili.com/1049923661957431300,章夏Sean,固态电池咋样了？
https://t.bilibili.com/1050315195500462083,江湖弃子,法国造孽、狠人救国、教员思想：被西方篡改的卢旺达大屠杀前后真相
https://t.bilibili.com/1049325815438770245,李唐Yo,"朝鲜农村人民的真实生活,靠中国过剩产能改善生活？"
https://t.bilibili.com/1049382556248571925,思维碰撞机,朝鲜豪言：完全不着急解决制裁问题，这到底啥情况？为何会出现如此变化？【半岛那些事】
https://t.bilibili.com/1049336355288514576,皮哥研究社,【补档】关于美利坚恩情化改革的若干重大建议
https://t.bilibili.com/1049606702008107057,尖峰苏打cfz,一句话来概括美国的饮食系统——万物皆可预制菜
https://t.bilibili.com/1050444190551375896,温竣岩,【十大产业】中国石化产业：最深的道路，最后的顽石（下）
https://t.bilibili.com/1050387252175175685,思维档案室,尹锡悦判决将临，韩国双雄对决开始！
https://t.bilibili.com/1050026565093556230,魔牙频道,黑子说胖东来靠流量，东来剑魔反驳第二弹
https://t.bilibili.com/1050018318750056457,魔牙频道,东来剑魔反驳无脑黑（练手作）
https://t.bilibili.com/1049708479812468755,魔牙频道,死亡也许不是终点，不过是一台生物电脑的系统重置
https://t.bilibili.com/1050731545361383448,大鱼的江湖Pro,静悄悄的看着他，如何玩崩美国！
https://t.bilibili.com/1050452484151050244,X科技实验室,总拿衣服擦镜头，是好习惯吗？
https://t.bilibili.com/1050119512515411975,霸都陆逊,富人的门槛线竟然是600万？为什么和大家想象中的不一样？
https://t.bilibili.com/1050435188292583426,饭统戴老板,霸王茶姬，其实是一家伪装成奶茶店的“咖啡馆”
https://t.bilibili.com/1049707676674555943,硬核资本论,富人利用罪恶平摊，掠夺穷人的钱
https://t.bilibili.com/1050725102905196597,燕三嘤嘤嘤,美国最抽象的副总统
https://t.bilibili.com/1049375632768630853,曹小灵比比叨,大祥哥被骗的每一步，都是教科书级反面案例
https://t.bilibili.com/1050454468387143713,真故研究室,C9大学，谁在AI热潮里掉队了
https://t.bilibili.com/1050116480272695303,草原突起,哪吒2打破了什么规则？
https://t.bilibili.com/1050822572875186184,卢克文工作室,苹果失宠：中国产业链重塑下的新世界
https://t.bilibili.com/1050444409615679507,卢克文工作室,拳打文在寅，脚踩尹锡悦，热血老头李在明的晋升之路
https://t.bilibili.com/1049954495546523664,卢克文工作室,我对中医从质疑到理解的过程
https://t.bilibili.com/1049692678624641028,卢克文工作室,用经济衰退倒逼美联储降息，美债危机迎转机？
https://t.bilibili.com/1049393035938365444,卢克文工作室,海湖庄园协议背后，是美元霸权的最后挣扎？
https://t.bilibili.com/1050409938193481736,虎嗅视频,千亿估值、百亿融资堆砌的AI堡垒，是否已不再坚不可摧？
https://t.bilibili.com/1049319909859786774,虎嗅视频,买断顶级“赛博牛郎”的2500元，是AI陪聊的商业化起点吗？
https://t.bilibili.com/1049291588816076823,虎嗅视频,独家对话京东探索研究院院长何晓冬：从顶会论文，到硬核营收，他如何解答京东AI商业化考题？
https://t.bilibili.com/1050740921265553411,大蜡烛,口碑逆转，流水爆涨。燕云好玩在哪里？
https://t.bilibili.com/1049314773078900755,36氪,【36氪】和骑手一样，你现在的工作也只是为了“过渡一下”吗？
https://t.bilibili.com/1050682432404062209,玉渊谭天,解放军联合演训为什么此时发起？独家解读：更进一步！
https://t.bilibili.com/1049619097236537344,星话大白,特朗普一言堂，万斯反骨但有限，逐句分析泄密群聊，特朗普团队决策过程
https://t.bilibili.com/1049318256290037778,星话大白,拉错人的美国安全顾问华尔兹是否辞职，更多聊天记录公布，民主党趁机围攻
https://t.bilibili.com/1050474560255688761,sunriches-,周末财经，两大消息
https://t.bilibili.com/1049762063835987984,sunriches-,今天的两个新闻
https://t.bilibili.com/1049291442772508677,sunriches-,中俄关系，埋下伏笔
https://t.bilibili.com/1050824312343232579,花狸胡说,川普上任70天，让美国人真的“吃不起”茶叶蛋了？一口气看懂美国通胀下的千层套路！
https://t.bilibili.com/1049726956779601926,精罗伯爵,总统热门被直接禁选！罗马尼亚“特朗普”撕破欧盟“自由”假面：面包VS北约！罗马尼亚农民用选票质问：欧盟的‘价值观’能当饭吃吗？
https://t.bilibili.com/1050335489247150082,动动枪DongDongGun,又是一年三月三，让我看看广西人到底“颠不颠”!
https://t.bilibili.com/1049954675944587281,动动枪DongDongGun,“我都说了村里不能收快递，跟你们城里人说不清楚”
https://t.bilibili.com/1049602308254466051,爱德华说,菜鸟驿站：降本增效的双刃剑，被算法绑架的快递江湖，谁在吞食快递业的未来？
https://t.bilibili.com/1050131087447031815,马督工,【睡前消息882】地球上最远的朋友
https://t.bilibili.com/1049374004947714101,马督工,【睡前消息881】特朗普吹过的牛 台积电最靠谱
https://t.bilibili.com/1049321932785188872,郭云神奇,超高1.7分《白雪公主》被骂上热搜？这明明是最美一版白雪公主！
https://t.bilibili.com/1050449546370351108,树根龙门阵,甲亢哥中国行 公知又被打脸
https://t.bilibili.com/1049600250948354051,一条闲木鱼,当大清第一巴图鲁的代价是什么？万邦来朝，孤枕难眠！雍正王朝的秘密！第10回
https://t.bilibili.com/1050434002876366872,世界见闻录,乱象丛生？日本老龄消防队能有多奇葩？
https://t.bilibili.com/1049708484140990500,世界见闻录,特大混乱？日本时隔55年再次举办世博会，准备得咋样了？
https://t.bilibili.com/1050402984631992370,上校派大星,一场战役，死了一个排的将军...【冥将风云40】
https://t.bilibili.com/1050078388177338441,内部看美国,4月2日关税核弹将会引爆全球，深度解析中国的挑战与机遇
https://t.bilibili.com/1049333533470883857,CLS同学,【宏观经济速通】3月全球宏观经济局势如何？我国二季度经济面临挑战？特朗普的4.2关税谁将被收割？
https://t.bilibili.com/1049743698555830278,发烧好了呢,宣布救市成功三天后 美股又需要救市了
https://t.bilibili.com/1050174204635250713,行业101,创新力不足的原因（P1）
https://t.bilibili.com/1050750490462126085,天下三分z,为什么居民实际杠杆率并不高但也不能靠消费信贷刺激需求，是时候让老百姓享受生产力提升带来的的好处和休闲了，上期的补充，高级宏观经济学
https://t.bilibili.com/1050107168779403267,天下三分z,2025提振消费专项行动方案解读，消费补贴和消费贷都是治标不治本，关键要做到大胆合理的正确的涨价去产能，改变人的时间偏好，高级宏观经济学
https://t.bilibili.com/1050155658943397897,老丁是个生意人,刺激消费新政策，让中产贷款？能有用吗？
https://t.bilibili.com/1050090577323884577,老丁是个生意人,李嘉诚的港口交易背后，预示着什么？
https://t.bilibili.com/1049722769157128197,柳行长,“史上最严”对俄制裁，带来了什么？
https://t.bilibili.com/1050497838972141577,财经不眠姐,白酒暴跌67%！啤酒式微， 强爽8度如何撬动80亿市场？
https://t.bilibili.com/1049675442959679493,财经不眠姐,人均77斤，一年吃掉200万吨！韩国人为什么这么爱吃泡菜？
https://t.bilibili.com/1050450551376969764,阿牛读财,根治恋爱脑  投资大神教你降维打击
https://t.bilibili.com/1050110488758714390,阿牛读财,"大而不强，中国崛起的""致命短板"""
https://t.bilibili.com/1049738630471352339,阿牛读财,恐婚、不育、低欲望：当年轻人用“摆烂”对抗“经济刺激”
https://t.bilibili.com/1050804426612146178,堵钱眼的申公豹,【申公豹】很遗憾，2025年的楼市“地王潮”，不是牛市信号
https://t.bilibili.com/1050500201188425730,堵钱眼的申公豹,【申公豹】不要幻想了，最近的5000亿大放水，是为了救银行
https://t.bilibili.com/1050426357841920000,堵钱眼的申公豹,【申公豹】这是一个非常罕见的信号，13年来再次强调这四个字
https://t.bilibili.com/1050414611101122568,堵钱眼的申公豹,【申公豹】中国人口趋势出现一个新的隐忧，一孩出生率加速下滑
https://t.bilibili.com/1049366909642866737,财经观察猿,金价疯涨！背后有哪些推手？
https://t.bilibili.com/1049319549084631074,咨云君,900元/克，普通人最好离这个价位的黄金远点...
https://t.bilibili.com/1049741160236449796,毯叔盘钱,未来5年，保孩子还是保房子？这笔账国家彻底算明白了……
https://t.bilibili.com/1050079032437112836,四月是我的生日,为啥大麻在我国不能合法化？【列国志58】
https://t.bilibili.com/1049599048343879684,瑞克Zero,血色萧墙：大清洗运动谁之过？【二战前传】
https://t.bilibili.com/1050719974664962112,老旦聊历史,上甘岭的战场，远不止一个五圣山
https://t.bilibili.com/1050465927396589570,历史调研室,震撼世界的72天：巴黎公社为何爆发？又为何失败？【历史调研室71】
https://t.bilibili.com/1050017653043757065,CRAZY262,战斗机器人会变成魔鬼终结者吗？【武器的进化】
https://t.bilibili.com/1050804688640802819,杨叔洞察,东部战区围台大演练，为什么没有代号？突破“应变区”，还能看直播！
https://t.bilibili.com/1050714898013618201,杨叔洞察,军迷心中“意难平”！F-14“雄猫”战斗机为什么被F/A-18取代？
https://t.bilibili.com/1049606740661764099,幻影长弓,空中生命线：柏林空运【冷战风云1】
https://t.bilibili.com/1050807514698874882,落英行者,中国航母特种钢和焊接、阻拦索和舰体防护
https://t.bilibili.com/1049716588712820757,技术宅物语,工控电脑版本模拟管道机器人使用教程
https://t.bilibili.com/1049382547667025927,达尔闻,备战电赛｜2025国赛高频信号如何处理？附PPT攻略下载
https://t.bilibili.com/1050486251152474132,UG编程爱好者吖,UG-鲤鱼荷花烟灰缸边界精铣刀路讲解
https://t.bilibili.com/1050112571853504514,UG编程爱好者吖,UG零件虎头二粗刀路讲解
https://t.bilibili.com/1049744643452829703,UG编程爱好者吖,UG零件虎头开粗刀路讲解
https://t.bilibili.com/1050404921647562758,多能张哥CNC加工,五轴学员学习第八天上机实操
https://t.bilibili.com/1050362186749181953,重庆小新,加工中心直接做NPT管螺纹，很多细节一定要注意，和普通螺纹不一样
https://t.bilibili.com/1050153150668865553,小张洗头爱飘柔,注塑模具毕业设计教学指南之总结（2025版）
https://t.bilibili.com/1050082708943798279,小张洗头爱飘柔,注塑模具毕业设计教学指南之冷却水路（2025版）
https://t.bilibili.com/1049377389387186179,进击的空空,姐系力量巅峰！《浪姐1》为何无法复制？深度分析浪姐IP的生命力是如何消亡的？
https://t.bilibili.com/1049761668704239655,痴五安chammy,月入3k如何穿出高级感？这样穿被要微信率爆涨200% 直播100+单品回放分享！吐血整理！男生穿搭｜穿搭分享｜直播回放｜小个子穿搭｜男生逆袭｜购物分享
https://t.bilibili.com/1050485495265493008,我是路十六,春夏穿搭不翻车！男生闭眼入的7件短袖推荐，百搭+高级感一键拿捏
https://t.bilibili.com/1050356599004069942,猫哥恋爱课,遇到这样的女生赶紧跑路，不要留恋，她不适合你
https://t.bilibili.com/1049618285488766997,哈雷斯Harris,实战夜谈-当代男人game-男人不像男人-慎独
https://t.bilibili.com/1050457105541103652,高宫望呀高宫望,为什么要读书呢：因为世界上没有一条道路是重复的，也没有一个人生是可以替代的
https://t.bilibili.com/1049699477599813633,高宫望呀高宫望,那话怎么说来着，悲观者永远正确  乐观者永远前行
https://t.bilibili.com/1049320777420111875,晨哥教你相亲,【相亲实拍】年如50w的程序员被30多岁的精致女孩嫌弃！
https://t.bilibili.com/1050735432299446278,宅男相亲记,【宅总约会】第一次和女生约会要怎样聊天
https://t.bilibili.com/1049351589501861921,11区小豪的故事,日本公寓宛如迷宫，奇幻设计究竟为何人气？
https://t.bilibili.com/1050790206021566489,凡哥会恋爱,如何破解女生的废物测试
https://t.bilibili.com/1050054430832984082,凡哥会恋爱,毁掉一个男生最快的方式就是随便结婚
https://t.bilibili.com/1049311766589210628,凡哥会恋爱,男生怎么主动才叫不舔
https://t.bilibili.com/1050777982547787776,_小鹿不迷路,女生不喜欢你的真相需求暴露
https://t.bilibili.com/1049323504734830601,_小鹿不迷路,让男人开悟的两个残忍情感真相
https://t.bilibili.com/1049610554569654277,许跃腾腾,3小时搭讪被拒后遇到两个JK妹，我评价：这是30岁？
https://t.bilibili.com/1050092449905508355,猛男阿凯奇幻之旅_kay,10岁童工日赚7美元！走进非洲最大的垃圾城…实拍让人心碎！
https://t.bilibili.com/1049358014820122625,无无无无语森,春天在哪里？
https://t.bilibili.com/1050082146248556562,子非秋月,范蠡：功成身退，也许才是这世上最大的智慧吧
https://t.bilibili.com/1049702260710309939,爱画画的子衿,需要喝自己胆汁的小女孩珍珍，希望以后的生活苦味追不上你
https://t.bilibili.com/1050820472626741287,科技老男孩,迟到了3年的下集，为什么中国人不住大house？
https://t.bilibili.com/1050449550670561301,科技老男孩,自由软件、开源软件，到底有什么区别？
https://t.bilibili.com/1050433912682053666,玄离199,语音、画图、PPT、联动全网，我这个完美版的DeepSeek，你们都没有用过！
https://t.bilibili.com/1049731157238743079,玄离199,【科技补全43】谷歌不再开源安卓，真相是什么？Telegram8.6亿名用户聊天数据被抓取；QQ短视频将终止上传观看；DeepSeek V3发布更新；GPT4o
https://t.bilibili.com/1050722684789325825,IT咖啡馆,既能思考也能操作，人人可用的AI智能体，深度测评AutoGLM沉思
https://t.bilibili.com/1049707341663961090,原子能,大危机！绝境中的C++要如何自救？【让编程再次伟大#34】
https://t.bilibili.com/1049336290869248006,原子能,用编程思维驯化AI，成为你的职场外挂
https://t.bilibili.com/1049705902831042578,小刘不是程序员,谷歌停止开源安卓，是自媒体的试金石
https://t.bilibili.com/1049320661484306440,在下莫老师,让索然无味的Windows焕发第二春！收好这几款压箱底的实用工具吧
https://t.bilibili.com/1050142211420717073,轩辕的编程宇宙,有人要监控老婆电脑，太刑了！
https://t.bilibili.com/1049583616530579497,epcdiy,文本文件也可以是木马？我们逆向发现未公开的秘密！
https://t.bilibili.com/1050446664445198341,Jack-Cui,最想带回家的黑科技，差点破产！
https://t.bilibili.com/1049357662630707233,数字游牧人,实测百度秒哒：不写一行代码，动动嘴就能做应用、做网站？
https://t.bilibili.com/1049381692969582643,随意Official,给Redis提了改底层架构的Feature？还被官方采纳了！！
https://t.bilibili.com/1050110514528518153,吃着不想停,【准确率100%】Python DrissionPage 制作自动化程序
https://t.bilibili.com/1049591248714727476,治廷君,某影视网站过Debugger反调试+JS逆向
https://t.bilibili.com/1050708799188369414,人月聊IT,智谱发布AutoGLM沉思智能体-Beta版本的半成品
https://t.bilibili.com/1050302409402744834,人月聊IT,透露下个人自媒体收入-加入个人技术沟通群方式
https://t.bilibili.com/1049962849276788737,人月聊IT,软件新兴技术发展-无法弥补软件过程成熟度缺失
https://t.bilibili.com/1049582233586761745,人月聊IT,基础平台类系统上还是不上？讲下决策核心关键点
https://t.bilibili.com/1050515654512214038,玩转Code,小红薯x-mns最新加密参数简单分析
https://t.bilibili.com/1050005098880565248,玩转Code,我开源了一套Python爬虫数据采集VIP课程
https://t.bilibili.com/1049782366146396161,玩转Code,Python脚本实现邮件批量发送
https://t.bilibili.com/1049777950934695956,玩转Code,Node依赖安装卡住了如何解决？
https://t.bilibili.com/1049393220609376262,玩转Code,玩转资源下载网站
https://t.bilibili.com/1050446788980375557,IT枫斗者-Java面试,平安面试26分钟全程拷打项目，无废话，请鉴赏！
https://t.bilibili.com/1050800702879694851,极海Channel,工作2年拿了7个大厂Offer，社区大佬直播分享！
https://t.bilibili.com/1049673153738965016,极海Channel,对账系统架构设计思路，分布式系统数据一致性兜底！
https://t.bilibili.com/1050802416602054679,平圆方中Lebannen,西装领上为什么要开个眼？西装插花眼的由来
https://t.bilibili.com/1051026605319651349,IT枫斗者-Java面试,【面试已挂】【某安一面】准备不充分，被面试官问的背心发汗，这些简单的题也是致命伤！
https://t.bilibili.com/1050915082182066197,玩转Code,DrissionPage自动化采集
https://t.bilibili.com/1050892709700567046,DT算法工程师前钰_原01,如何构建领域数据集？手把手教学！
https://t.bilibili.com/1051040658434818054,人月聊IT,AI编程的最后一公里-视觉智能
https://t.bilibili.com/1050881508402790434,程序员鱼皮,感觉程序员要被 AI 淘汰了？学什么才有机会？
https://t.bilibili.com/1051037003418697748,数字游牧人,【极简教程】用AI构建100个思维模型知识库
https://t.bilibili.com/1050899538694373385,左-岚,【蓝桥杯】【单片机】按键考点
https://t.bilibili.com/1050859123061555205,小白debug,你写的每一行代码都在贬值？怎么让存量资产价值翻倍
https://t.bilibili.com/1051034336206258211,贝侃-非典型政经,贝爷翻牌之红温篇：刀架脖子上却只知躺平的亡国奴，天真烂漫到令人发指的国家领袖，自以为可以跟十四亿人讨价还价的商人 20250402
https://t.bilibili.com/1050893787734212643,堵钱眼的申公豹,【申公豹】纸币大崩塌时代来了，极端情况下黄金可能涨到1万美元
https://t.bilibili.com/1050828079028502535,阿牛读财,首富“魔咒”：为何中国首富成了高位职业？
https://t.bilibili.com/1051046456630181894,柳行长,大放水？“国家队”溢价定增四大行5200亿
https://t.bilibili.com/1050873476841209864,老丁是个生意人,深海经济是什么？资本炒作的底层逻辑是什么？未来会延续吗？
https://t.bilibili.com/1050851392098402326,牧心侃侃,深度解读中国政府行为，彻底读懂中国经济！
https://t.bilibili.com/1050864616277540914,发烧好了呢,川普关税政策将近 全球秩序变天了
https://t.bilibili.com/1051098889607708712,M2档案,中国白富美，离婚后定居温哥华豪宅，遇到了欧洲帅哥……
https://t.bilibili.com/1050824312343232579,花狸胡说,川普上任70天，让美国人真的“吃不起”茶叶蛋了？一口气看懂美国通胀下的千层套路！
https://t.bilibili.com/1051083337527984151,渤海小吏,深度|| 香火之战，车迟国的教皇实验
https://t.bilibili.com/1051073648094347267,玉渊谭天,从“联合利剑”到“海峡雷霆”军事行动代号的变化，释放了什么信号？
https://t.bilibili.com/1050865664287309827,酷玩实验室,为什么举报键都按烂了，游戏作弊还是屡禁不止？游戏作弊真的没有办法消失了吗？
https://t.bilibili.com/1050836033292206105,智先生在此,美国：这是“中国操纵的阴谋”【智先生】
https://t.bilibili.com/1050874206972018729,落叶在放假,或许这才是真正的时代红利
https://t.bilibili.com/1051072076124782601,铁锤观察室,地王扎堆、一线城市发房票、砸钱补贴购房，房地产最后的遮羞布也撕下了
https://t.bilibili.com/1050856107972493316,有轶见的Kris,我回来了，从缅甸
https://t.bilibili.com/1050825433341231113,肝帝董佳宁,缅甸为什么总这么乱？
https://t.bilibili.com/1050899792107929605,嘴碎洛Prattlement,香飘飘奶茶卖不动，开始搞男团了？
https://t.bilibili.com/1050829045372026904,酷温Coolwin,【酷温】地王频出 房价要涨？如果在鹅城……
https://t.bilibili.com/1050828426903027730,差评君,一个木匠，是如何从牛顿手上赢得经度之战的？【差评君】
https://t.bilibili.com/1051072518517948423,星球研究所,除了朝阳群众，北京朝阳还有什么？
https://t.bilibili.com/1050836660362674194,晓宇哥-长高运动,挑战骨骼闭合长高训练打卡第5天
https://t.bilibili.com/1051057383028031488,山中冷月微,聊聊我怎么看小米Su7这款车
https://t.bilibili.com/1050836097738735640,章章超快,宝宝上车！
https://t.bilibili.com/1051029779298385929,巅峰球迷汇,进球大战！贝林厄姆精彩破门，，阿拉巴乌龙，吕迪格绝杀，皇马总比分5比4战胜皇家社会进军国王杯决赛！
https://t.bilibili.com/1051046606977105927,隔壁红魔,曼联0-1森林！曼联旧将埃兰加一条龙破门，马奎尔造险，芒特替补登场
https://t.bilibili.com/1050920459474829317,正义凛然的葫芦娃,河南队赢场球太难了！河南球迷吐槽区…
https://t.bilibili.com/1051100049224761433,亚食人,双影奇境为啥不用卡通渲染？背后理由令人暖心~
https://t.bilibili.com/1051098885293867065,红警HBK08,红警狗王大赛！狗也能升三星，看谁的藏獒多！
https://t.bilibili.com/1051037003427086344,红警HBK08,红警对手吃了很多彩色矿！果断出手，不给他发展起来的机会！
https://t.bilibili.com/1050859883238260745,萧炎不鸽,喊六位KPL区UP同剪红狼大战，谁的打开方式“最”有那味？
